Iteration,Cost
1,57.197265625
2,57.16015625
3,56.16015625
4,56.650390625
5,55.15625
6,56.140625
